{
  "project_info": {
    "project_number": "153034523078",
    "project_id": "login-signup-firebase-fc0cb",
    "storage_bucket": "login-signup-firebase-fc0cb.appspot.com"
  },
  "client": [
    {
      "client_info": {
        "mobilesdk_app_id": "1:153034523078:android:c55a385430fc01ed4c32c7",
        "android_client_info": {
          "package_name": "com.example.internshiptask"
        }
      },
      "oauth_client": [
        {
          "client_id": "153034523078-i912icmn9bt6l3qd9g3uvhh2o9hpei71.apps.googleusercontent.com",
          "client_type": 3
        }
      ],
      "api_key": [
        {
          "current_key": "AIzaSyALxWRi4mQ_8b2N8PMXVXqO2il2HyA5UII"
        }
      ],
      "services": {
        "appinvite_service": {
          "other_platform_oauth_client": [
            {
              "client_id": "153034523078-i912icmn9bt6l3qd9g3uvhh2o9hpei71.apps.googleusercontent.com",
              "client_type": 3
            }
          ]
        }
      }
    },
    {
      "client_info": {
        "mobilesdk_app_id": "1:153034523078:android:7cb6bf0124bf9c284c32c7",
        "android_client_info": {
          "package_name": "com.example.navigationdrawer"
        }
      },
      "oauth_client": [
        {
          "client_id": "153034523078-i912icmn9bt6l3qd9g3uvhh2o9hpei71.apps.googleusercontent.com",
          "client_type": 3
        }
      ],
      "api_key": [
        {
          "current_key": "AIzaSyALxWRi4mQ_8b2N8PMXVXqO2il2HyA5UII"
        }
      ],
      "services": {
        "appinvite_service": {
          "other_platform_oauth_client": [
            {
              "client_id": "153034523078-i912icmn9bt6l3qd9g3uvhh2o9hpei71.apps.googleusercontent.com",
              "client_type": 3
            }
          ]
        }
      }
    },
    {
      "client_info": {
        "mobilesdk_app_id": "1:153034523078:android:b84b533cc83024d24c32c7",
        "android_client_info": {
          "package_name": "com.example.signuploginfarebase"
        }
      },
      "oauth_client": [
        {
          "client_id": "153034523078-i912icmn9bt6l3qd9g3uvhh2o9hpei71.apps.googleusercontent.com",
          "client_type": 3
        }
      ],
      "api_key": [
        {
          "current_key": "AIzaSyALxWRi4mQ_8b2N8PMXVXqO2il2HyA5UII"
        }
      ],
      "services": {
        "appinvite_service": {
          "other_platform_oauth_client": [
            {
              "client_id": "153034523078-i912icmn9bt6l3qd9g3uvhh2o9hpei71.apps.googleusercontent.com",
              "client_type": 3
            }
          ]
        }
      }
    }
  ],
  "configuration_version": "1"
}